{"cameraMode":{"drawMode":0,"name":"Shaded","section":"Shading Mode"},"sceneLighting":true,"audioPlay":false,"sceneViewState":{"showFog":false,"showMaterialUpdate":false,"showSkybox":false,"showFlares":false,"showImageEffects":false,"showParticleSystems":true},"in2DMode":false,"pivot":{"x":2.805741548538208,"y":-4.534001350402832,"z":6.60200834274292},"rotation":{"x":0.2443542778491974,"y":0.21795959770679475,"z":-0.0564672015607357,"w":0.9431854486465454},"size":26.333274841308595,"orthographic":false}