{"cameraMode":{"drawMode":0,"name":"Shaded","section":"Shading Mode"},"sceneLighting":false,"audioPlay":false,"sceneViewState":{"showFog":false,"showMaterialUpdate":false,"showSkybox":false,"showFlares":false,"showImageEffects":false,"showParticleSystems":true},"in2DMode":false,"pivot":{"x":1.7023276090621949,"y":1.1446794271469117,"z":-2.259033203125},"rotation":{"x":0.08349041640758515,"y":-0.09848987311124802,"z":0.00829266756772995,"w":0.9915950894355774},"size":0.4395136535167694,"orthographic":false}