{"cameraMode":{"drawMode":0,"name":"Shaded","section":"Shading Mode"},"sceneLighting":false,"audioPlay":false,"sceneViewState":{"showFog":false,"showMaterialUpdate":false,"showSkybox":false,"showFlares":false,"showImageEffects":false,"showParticleSystems":true},"in2DMode":false,"pivot":{"x":2.225689649581909,"y":1.637970209121704,"z":-2.67634916305542},"rotation":{"x":0.10563559830188751,"y":-0.486655056476593,"z":0.05942131578922272,"w":0.865147054195404},"size":2.5238077640533449,"orthographic":false}