{"cameraMode":{"drawMode":0,"name":"Shaded","section":"Shading Mode"},"sceneLighting":true,"audioPlay":false,"sceneViewState":{"showFog":false,"showMaterialUpdate":false,"showSkybox":false,"showFlares":false,"showImageEffects":false,"showParticleSystems":true},"in2DMode":false,"pivot":{"x":42.52900314331055,"y":0.6790000200271606,"z":37.5369987487793},"rotation":{"x":0.5537562966346741,"y":-0.06479541212320328,"z":0.04328080266714096,"w":0.8290252089500427},"size":125.655517578125,"orthographic":false}