{"cameraMode":{"drawMode":0,"name":"Shaded","section":"Shading Mode"},"sceneLighting":true,"audioPlay":false,"sceneViewState":{"showFog":false,"showMaterialUpdate":false,"showSkybox":false,"showFlares":false,"showImageEffects":false,"showParticleSystems":true},"in2DMode":false,"pivot":{"x":0.5907654166221619,"y":-0.0845484733581543,"z":0.8695526123046875},"rotation":{"x":0.29216188192367556,"y":-0.22531378269195558,"z":0.07103250920772553,"w":0.9267309308052063},"size":84.15023040771485,"orthographic":false}